,0,1,2,3,4,5,6,7,8,9,10,11,12,13
zone,Restricted Area,Mid High Post,Left Wing,Top of the Key,Right Wing,Left Conor,Right Conor,Rirht Low Post,Left Low Post,Mid MidRange,MidRange Left Wing,MidRange Right Wing,MidRange Left Conor,MidRange Right Conor
Shot Percentage Average,66.82,45.19,35.63,35.11,35.28,38.53,38.84,43.14,41.76,42.12,40.76,41.51,43.03,39.1
A.J. Green,58.33,40.0,37.35,40.0,41.18,48.08,56.72,0.0,0.0,55.56,28.57,33.33,0.0,0.0
A.J. Lawson,57.35,41.67,33.33,29.41,38.89,38.1,20.0,50.0,20.0,,,,,
AJ Johnson,57.69,35.0,18.18,33.33,26.32,33.33,50.0,26.67,22.22,0.0,,,,
Aaron Gordon,64.1,41.38,43.55,34.78,44.64,45.65,45.45,56.25,51.85,47.06,22.22,54.55,25.0,66.67
Aaron Holiday,68.18,44.12,34.55,28.21,52.83,54.17,27.27,57.14,28.57,62.5,50.0,60.0,0.0,
Aaron Nesmith,66.39,53.06,43.48,54.17,32.79,50.0,50.91,56.25,23.53,33.33,33.33,83.33,33.33,55.56
Aaron Wiggins,68.38,44.59,38.6,40.91,36.84,34.62,41.67,35.0,36.67,44.44,50.0,0.0,50.0,0.0
Adam Flagler,66.67,40.0,18.52,35.71,18.18,0.0,0.0,33.33,50.0,66.67,50.0,0.0,,
Adama Sanogo,60.0,50.0,,,,,,,,,,,,
Adem Bona,72.61,65.38,,,,0.0,,0.0,50.0,,,,,
Ajay Mitchell,62.26,36.67,21.43,45.45,47.37,43.75,50.0,71.43,59.09,0.0,50.0,60.0,,0.0
Al Horford,71.26,40.38,40.91,37.88,32.32,39.58,36.76,45.0,50.0,25.0,12.5,100.0,0.0,66.67
Alec Burks,40.0,47.37,35.29,55.0,48.78,40.85,38.24,33.33,60.0,100.0,25.0,40.0,33.33,
Alex Caruso,61.65,45.45,33.82,43.33,30.23,40.54,44.19,50.0,20.0,0.0,0.0,50.0,50.0,
Alex Ducas,25.0,0.0,40.0,50.0,40.0,60.0,50.0,0.0,,,100.0,,0.0,
Alex Len,59.26,50.0,0.0,33.33,0.0,50.0,0.0,50.0,60.0,0.0,,,,
Alex Reese,100.0,100.0,37.5,66.67,37.5,50.0,15.38,0.0,0.0,,,,,100.0
Alex Sarr,63.78,34.13,28.87,29.01,33.33,34.29,38.89,28.89,27.5,50.0,54.55,50.0,25.0,22.22
Alondes Williams,100.0,,100.0,,,,,,,,,,,
Alperen Şengün,65.78,43.38,26.32,21.57,26.32,75.0,0.0,30.0,33.93,48.33,31.25,30.43,0.0,16.67
Amen Thompson,71.61,47.65,18.18,25.0,7.14,44.44,32.43,32.65,50.0,38.46,45.45,23.53,42.86,25.0
Amir Coffey,65.0,47.89,45.1,34.38,34.78,36.36,54.0,62.5,31.82,44.83,41.18,70.0,0.0,20.0
Andre Drummond,59.73,39.02,0.0,14.29,0.0,40.0,0.0,50.0,25.0,,0.0,100.0,,
Andre Jackson Jr.,64.94,25.0,50.0,75.0,30.77,35.29,38.46,33.33,37.5,50.0,0.0,0.0,0.0,100.0
Andrew Nembhard,69.63,43.14,24.07,36.0,46.88,35.48,33.33,53.57,56.0,53.85,39.29,44.83,54.17,26.67
Andrew Wiggins,57.77,48.26,39.55,32.22,35.48,39.02,48.0,48.48,35.48,30.0,44.44,32.0,40.0,71.43
Anfernee Simons,62.98,40.32,38.1,37.59,34.3,34.21,38.1,48.44,22.92,59.09,48.94,73.68,33.33,33.33
Anthony Black,58.74,39.5,30.61,24.32,23.68,32.43,47.73,43.75,28.57,33.33,20.0,33.33,66.67,33.33
Anthony Davis,72.48,42.92,32.65,31.58,22.22,12.5,20.0,55.56,39.62,40.62,45.83,53.57,28.57,42.86
Anthony Edwards,62.47,41.98,34.87,41.38,39.8,42.65,46.67,47.92,42.55,42.62,21.05,36.54,47.37,25.0
Anthony Gill,62.07,62.5,42.86,14.29,50.0,25.0,40.0,66.67,25.0,0.0,0.0,,,
Anton Watson,75.0,0.0,,0.0,,,,100.0,0.0,,,,,
Antonio Reeves,58.18,43.33,59.09,40.0,35.29,28.0,40.91,55.56,69.23,14.29,33.33,50.0,,
Ariel Hukporti,75.0,66.67,,,,,,0.0,,0.0,,,,
Armel Traoré,60.0,0.0,0.0,,0.0,0.0,0.0,0.0,,,,,,
Ausar Thompson,68.09,33.33,33.33,12.5,0.0,23.08,28.57,38.71,40.74,25.0,100.0,0.0,0.0,
Austin Reaves,70.44,45.6,39.33,36.97,32.94,40.0,54.29,38.24,46.67,45.45,53.33,40.0,75.0,0.0
Ayo Dosunmu,67.74,55.56,25.71,45.83,28.3,34.29,35.71,40.74,16.67,,0.0,50.0,,0.0
Bam Adebayo,70.53,41.48,30.0,30.39,35.14,44.23,40.74,44.9,58.49,42.22,53.57,26.09,61.9,25.0
Baylor Scheierman,69.23,22.22,43.75,0.0,30.0,28.57,33.33,0.0,,0.0,50.0,50.0,,0.0
Ben Sheppard,68.33,27.27,33.33,38.46,35.14,27.45,38.16,66.67,50.0,100.0,0.0,100.0,100.0,0.0
Ben Simmons,62.14,47.67,,,,,,36.36,27.27,,,0.0,,
Bennedict Mathurin,62.58,40.62,25.0,29.9,37.86,42.86,39.02,45.0,60.87,34.29,22.22,34.78,50.0,54.55
Bilal Coulibaly,70.41,35.11,25.76,26.19,26.67,34.29,33.33,25.93,30.43,19.23,33.33,30.0,25.0,0.0
Bismack Biyombo,70.18,48.65,,,,,,41.67,50.0,,,,,
Blake Wesley,60.67,27.78,33.33,25.0,25.0,37.5,30.77,40.0,25.0,25.0,0.0,0.0,25.0,0.0
Bobby Portis,64.03,50.59,31.91,35.85,36.17,37.5,45.45,45.65,42.5,52.38,38.46,43.33,38.71,36.84
Bobi Klintman,100.0,50.0,0.0,100.0,0.0,0.0,100.0,,,,,,100.0,
Bogdan Bogdanović,54.79,49.3,32.69,30.91,43.21,39.29,38.24,60.0,41.18,30.0,72.73,83.33,30.0,50.0
Bol Bol,80.95,76.19,25.0,41.67,30.77,29.17,40.91,71.43,66.67,50.0,100.0,50.0,50.0,60.0
Bones Hyland,53.33,28.57,43.75,21.05,45.45,50.0,50.0,0.0,0.0,50.0,0.0,60.0,100.0,0.0
Bradley Beal,73.85,55.46,43.24,33.33,32.69,46.94,35.14,57.89,36.84,39.13,48.72,56.52,33.33,40.0
Branden Carlson,77.78,80.0,14.29,41.67,37.5,22.22,40.0,42.86,,0.0,,,,
Brandin Podziemski,64.04,46.62,34.83,35.29,39.64,48.78,18.52,44.0,50.0,25.0,52.63,43.48,33.33,20.0
Brandon Boston Jr.,63.64,28.21,35.9,35.29,36.36,25.0,35.0,40.0,10.0,50.0,31.25,43.48,100.0,100.0
Brandon Clarke,81.77,50.0,0.0,,0.0,0.0,20.0,50.0,40.0,0.0,0.0,50.0,0.0,
Brandon Ingram,72.0,50.98,47.83,30.0,33.33,33.33,20.0,47.62,20.0,54.55,36.0,29.41,50.0,57.14
Brandon Miller,68.75,38.57,40.28,32.04,39.08,25.0,50.0,44.44,20.0,50.0,25.0,33.33,,33.33
Brandon Williams,63.53,44.83,45.0,42.86,40.0,28.57,44.44,77.78,20.0,50.0,50.0,80.0,0.0,
Braxton Key,16.67,0.0,0.0,,,0.0,,0.0,,,,,,
Brice Sensabaugh,63.93,41.79,40.74,40.62,34.18,49.23,50.91,67.86,54.29,36.36,44.44,28.57,100.0,0.0
Bronny James,71.43,26.67,14.29,40.0,22.22,25.0,25.0,0.0,33.33,33.33,,0.0,100.0,0.0
Brook Lopez,76.96,54.46,35.23,38.02,31.25,42.86,63.64,50.0,38.46,55.0,33.33,20.0,66.67,100.0
Bruce Brown,62.24,32.47,21.43,21.43,40.0,16.67,44.44,37.5,33.33,66.67,0.0,14.29,50.0,0.0
Bruno Fernando,66.67,36.36,,,,,,0.0,0.0,,,0.0,,
Bryce McGowens,100.0,33.33,0.0,,,,0.0,0.0,0.0,,,,,
Bub Carrington,53.33,46.67,36.28,34.55,31.67,33.33,33.33,40.54,12.5,44.9,65.38,45.83,,25.0
Buddy Hield,64.34,43.4,34.76,39.67,38.73,34.83,43.55,40.0,63.64,21.43,31.25,14.29,37.5,30.0
CJ McCollum,64.57,43.18,41.35,29.23,43.36,50.0,26.83,54.55,45.95,39.13,37.5,41.38,37.5,100.0
Cade Cunningham,57.36,51.38,36.07,34.04,34.23,33.33,44.44,41.73,46.77,42.86,36.84,55.0,60.0,44.44
Caleb Houstan,46.15,80.0,42.0,47.06,40.91,34.29,29.17,66.67,33.33,50.0,50.0,0.0,0.0,0.0
Caleb Martin,59.76,42.5,32.0,9.09,31.82,52.63,44.0,46.67,14.29,52.94,7.69,30.0,33.33,28.57
Cam Christie,55.56,50.0,0.0,50.0,25.0,0.0,,,,,0.0,,,
Cam Reddish,68.97,18.18,50.0,0.0,12.5,35.71,22.22,50.0,100.0,0.0,100.0,,0.0,
Cam Spencer,66.67,54.55,27.59,0.0,75.0,40.0,0.0,0.0,100.0,50.0,,0.0,,
Cam Thomas,57.69,47.37,43.75,25.86,37.5,25.0,25.0,42.11,41.18,40.0,59.26,41.67,57.14,66.67
Cam Whitmore,63.03,34.55,29.41,46.67,26.67,38.1,42.86,22.22,45.45,50.0,40.0,50.0,50.0,66.67
Cameron Johnson,71.88,39.39,36.73,37.72,39.58,42.31,47.37,66.67,35.71,44.44,60.0,31.58,25.0,33.33
Cameron Payne,49.33,47.95,27.87,29.51,43.8,38.46,26.32,35.0,37.5,50.0,40.0,28.57,0.0,50.0
Caris LeVert,64.18,43.06,34.44,32.56,37.31,42.55,40.91,43.75,37.5,12.5,42.86,25.0,50.0,50.0
Cason Wallace,66.47,45.45,30.91,25.0,47.17,30.3,38.3,32.14,45.83,50.0,0.0,100.0,0.0,25.0
Charles Bassey,61.54,60.0,,,,,,33.33,33.33,0.0,,,,
Chet Holmgren,71.98,28.57,27.08,35.9,42.0,40.0,38.46,33.33,56.52,30.0,0.0,25.0,60.0,0.0
Chris Boucher,72.88,47.62,40.74,16.67,32.35,42.11,36.73,50.0,16.67,33.33,50.0,40.0,50.0,60.0
Chris Duarte,50.0,66.67,50.0,0.0,33.33,100.0,,,,,,,,
Chris Livingston,57.14,25.0,0.0,0.0,0.0,,0.0,,0.0,,,,,
Chris Paul,82.35,55.32,38.79,39.2,36.71,29.17,40.0,52.17,33.33,48.78,29.41,49.02,50.0,50.0
Christian Braun,72.93,41.51,39.51,47.17,35.09,35.94,28.57,60.0,34.78,30.0,50.0,44.44,66.67,
Christian Koloko,70.83,42.86,,0.0,0.0,0.0,,50.0,0.0,0.0,,100.0,,
Chuma Okeke,75.0,,40.0,50.0,12.5,60.0,37.5,,,,,,,
Clint Capela,62.55,38.37,,,0.0,,,42.86,54.55,,,0.0,,
Coby White,63.12,47.06,39.15,32.96,41.07,44.0,29.63,46.94,51.22,20.0,32.0,31.25,25.0,0.0
Cody Martin,68.82,32.0,21.88,33.33,35.0,34.15,22.5,75.0,30.0,35.71,44.44,28.57,50.0,0.0
Cody Williams,52.94,40.0,29.63,22.22,26.32,31.82,16.67,47.62,25.0,28.57,0.0,0.0,0.0,0.0
Colby Jones,70.0,56.52,30.77,27.27,41.67,42.86,16.67,20.0,44.44,0.0,20.0,40.0,,0.0
Cole Anthony,63.44,45.37,31.91,33.85,31.25,41.67,54.55,43.75,33.33,33.33,50.0,30.43,50.0,42.86
Cole Swider,20.0,0.0,27.27,25.0,37.5,38.46,28.57,,50.0,100.0,,0.0,0.0,50.0
Colin Castleton,70.27,47.06,,0.0,0.0,0.0,33.33,22.22,0.0,,0.0,,,
Collin Gillespie,52.17,37.5,30.43,37.5,55.56,53.85,50.0,50.0,25.0,42.86,,50.0,,
Collin Sexton,63.16,54.73,49.3,34.62,33.9,45.45,46.43,32.86,43.94,43.33,34.38,40.0,75.0,50.0
Corey Kispert,69.23,42.62,41.18,35.56,32.89,39.29,34.48,64.29,37.5,0.0,0.0,50.0,0.0,
Cory Joseph,59.09,42.86,39.47,25.81,48.0,35.71,27.78,50.0,40.0,60.0,50.0,50.0,100.0,50.0
Craig Porter Jr.,69.49,44.0,54.55,43.75,22.22,28.57,50.0,50.0,33.33,0.0,,50.0,0.0,
Cui Yongxi,33.33,0.0,,,0.0,,0.0,,,,,,,
D'Angelo Russell,62.82,48.67,29.7,33.09,31.33,33.33,22.22,25.0,55.17,35.71,35.29,25.0,0.0,0.0
D.J. Carton,50.0,0.0,0.0,0.0,,0.0,,,,,,,,
DaQuan Jeffries,54.41,41.94,22.22,41.67,25.81,34.0,50.0,57.14,20.0,100.0,75.0,40.0,,0.0
Daeqwon Plowden,85.71,100.0,40.0,100.0,75.0,50.0,33.33,,,,,,,
Daishen Nix,,,,,,,0.0,,,,,,,
Dalano Banton,55.13,35.85,39.29,24.66,26.83,38.1,44.0,11.11,32.14,37.5,28.57,44.44,0.0,
Dalen Terry,57.98,32.26,42.86,33.33,20.0,42.31,28.57,40.0,0.0,100.0,0.0,0.0,,0.0
Dalton Knecht,76.36,45.76,34.34,33.82,38.16,43.86,43.9,42.86,28.57,36.36,33.33,62.5,0.0,100.0
Damian Lillard,60.73,50.0,33.75,37.5,37.3,44.44,35.0,42.86,33.33,52.08,49.15,45.16,53.85,12.5
Damion Baugh,59.38,28.0,33.33,12.5,30.77,0.0,33.33,22.22,0.0,,,,100.0,
Damion Lee,62.5,58.82,9.09,20.0,37.5,42.86,16.67,40.0,0.0,33.33,0.0,0.0,,
Daniel Gafford,75.24,57.89,,,,,,41.18,45.45,,,100.0,,
Daniel Theis,64.81,50.0,20.0,46.15,25.0,0.0,0.0,40.0,42.86,20.0,,100.0,,
Daniss Jenkins,66.67,,33.33,0.0,0.0,0.0,0.0,,,,,,,
Dante Exum,60.47,50.0,33.33,14.29,47.06,72.73,37.5,22.22,0.0,0.0,66.67,100.0,,
Dario Šarić,57.89,25.0,16.67,33.33,0.0,50.0,50.0,,0.0,0.0,,,,100.0
Dariq Whitehead,20.0,60.0,46.15,22.22,52.63,38.46,57.14,50.0,0.0,0.0,0.0,,,
Darius Garland,62.38,53.77,41.67,38.5,40.29,38.64,37.5,52.11,43.48,37.5,50.0,39.47,50.0,36.36
David Duke Jr.,60.0,0.0,,,0.0,33.33,100.0,0.0,,,,,,
David Roddy,66.67,54.17,16.67,44.44,27.27,42.86,44.44,100.0,66.67,,0.0,,,
Davion Mitchell,60.48,51.32,41.94,34.85,48.15,35.48,58.82,41.18,56.25,18.18,0.0,50.0,0.0,
Day'Ron Sharpe,61.67,48.21,0.0,16.0,40.0,25.0,44.44,20.0,66.67,50.0,,40.0,,100.0
De'Aaron Fox,67.41,52.61,35.0,28.32,28.42,40.91,21.05,40.0,49.33,41.25,42.67,55.56,0.0,20.0
De'Andre Hunter,62.91,47.41,46.74,42.11,40.0,39.29,35.48,34.29,50.0,56.25,25.0,45.0,66.67,75.0
De'Anthony Melton,44.44,66.67,36.36,40.0,20.0,100.0,50.0,50.0,33.33,,,,,
DeAndre Jordan,73.33,37.5,,,,,,75.0,20.0,,,,,
DeMar DeRozan,71.55,54.0,31.15,30.14,37.5,34.38,42.86,55.84,47.89,47.69,45.61,45.38,52.31,27.27
Dean Wade,78.95,36.36,35.9,26.92,31.94,34.62,47.73,,,100.0,0.0,,,0.0
Deandre Ayton,75.82,53.66,25.0,30.0,50.0,0.0,12.5,43.75,26.67,47.46,40.0,47.06,0.0,50.0
Dejounte Murray,56.07,36.9,23.21,36.84,17.39,40.0,28.57,46.15,46.15,28.0,36.36,64.71,28.57,20.0
Delon Wright,55.56,16.67,14.29,9.09,35.0,50.0,40.0,28.57,0.0,,,50.0,,
Deni Avdija,65.18,38.66,42.39,37.76,33.73,32.26,29.73,43.33,15.38,50.0,50.0,43.75,0.0,
Dennis Schröder,56.52,36.11,34.72,35.96,29.89,38.46,62.5,42.86,42.31,57.14,36.84,32.61,60.0,36.36
Dereck Lively II,76.56,50.94,,,,,,57.14,71.43,,,,,
Derrick Jones Jr.,69.66,50.0,44.9,21.43,26.19,28.79,43.28,46.67,42.31,16.67,40.0,100.0,,
Derrick White,74.8,57.47,42.86,32.1,35.42,45.07,41.33,45.95,56.25,25.0,53.85,40.0,33.33,100.0
Desmond Bane,68.28,44.12,23.53,44.29,53.1,32.08,30.77,40.0,45.24,40.0,65.38,36.36,60.0,44.44
Devin Booker,69.79,49.59,27.92,35.87,32.74,36.67,32.5,40.28,51.47,56.98,43.48,51.39,50.0,59.09
Devin Carter,63.33,36.36,41.18,28.57,20.0,57.14,25.0,25.0,0.0,33.33,0.0,,,
Devin Vassell,63.7,45.45,34.65,29.31,37.78,40.68,47.83,37.78,48.28,48.28,40.91,50.98,44.44,41.67
Dillon Brooks,52.82,41.96,37.2,41.07,43.24,35.38,39.06,23.81,56.41,55.56,55.88,52.0,40.0,42.86
Dillon Jones,59.52,40.0,20.0,29.41,29.41,36.36,0.0,40.0,25.0,50.0,100.0,0.0,,
Domantas Sabonis,69.11,49.61,48.28,42.5,28.21,100.0,42.86,56.52,58.82,50.0,45.45,35.29,50.0,0.0
Dominick Barlow,74.51,45.83,,50.0,66.67,8.33,27.27,100.0,33.33,33.33,0.0,,,0.0
Donovan Clingan,64.1,31.25,22.22,28.57,28.57,50.0,0.0,16.67,33.33,100.0,0.0,0.0,,
Donovan Mitchell,60.2,52.29,36.51,36.55,34.09,57.5,30.56,43.75,36.0,43.4,45.61,35.29,16.67,44.44
Donte DiVincenzo,59.05,34.0,39.78,36.67,34.19,44.93,30.0,33.33,50.0,0.0,33.33,0.0,50.0,
Dorian Finney-Smith,60.42,33.33,36.84,44.93,40.58,40.54,42.37,50.0,40.0,,,100.0,0.0,
Doug McDermott,50.0,100.0,37.5,33.33,64.71,50.0,37.5,0.0,0.0,50.0,,,0.0,
Draymond Green,60.96,43.37,40.0,29.63,21.95,21.21,41.38,56.25,40.0,33.33,0.0,100.0,100.0,50.0
Drew Eubanks,71.74,50.0,,0.0,,50.0,66.67,31.58,55.56,,,,,
Drew Peterson,40.0,,28.57,40.0,54.55,37.5,0.0,50.0,,,,100.0,,
Drew Timme,58.33,47.83,25.0,25.0,25.0,50.0,0.0,66.67,50.0,50.0,,0.0,,
Dru Smith,71.43,20.0,57.14,20.0,57.14,57.14,75.0,50.0,33.33,,,,,
Duncan Robinson,66.67,50.0,36.89,42.24,37.42,42.55,40.0,47.06,26.67,0.0,50.0,,,
Duop Reath,76.19,22.22,36.84,25.71,37.04,12.5,41.18,0.0,50.0,0.0,,,,
Dwight Powell,72.73,50.0,,,0.0,100.0,33.33,100.0,,,,,,
Dyson Daniels,64.63,50.18,29.73,28.85,41.3,27.27,51.43,40.0,31.91,40.0,0.0,66.67,0.0,
E.J. Liddell,100.0,100.0,0.0,16.67,66.67,,,,100.0,,,,,
Elfrid Payton,40.91,32.88,0.0,0.0,100.0,,0.0,18.18,50.0,40.0,100.0,0.0,,
Elijah Harkless,75.0,0.0,14.29,33.33,25.0,75.0,0.0,100.0,0.0,,0.0,,,
Emanuel Miller,50.0,100.0,,,0.0,,,,,,,,,
Emoni Bates,50.0,,30.0,25.0,38.46,0.0,100.0,0.0,,,0.0,,,0.0
Enrique Freeman,63.64,20.0,0.0,,,0.0,33.33,,,,,,,
Eric Gordon,55.26,41.18,56.0,34.29,38.0,40.0,57.14,16.67,,0.0,0.0,,100.0,100.0
Evan Mobley,76.37,40.57,36.99,36.99,36.67,37.5,44.0,46.34,29.63,37.5,0.0,14.29,0.0,33.33
Franz Wagner,68.22,45.52,25.56,26.27,30.59,35.71,38.1,36.71,51.35,34.62,52.0,46.15,0.0,40.0
Fred VanVleet,50.0,33.77,37.41,34.13,38.67,34.38,32.0,26.67,56.52,45.1,40.62,46.67,20.0,25.0
GG Jackson II,50.0,23.33,23.53,43.48,34.48,29.41,30.0,0.0,71.43,100.0,0.0,,,0.0
Gabe Vincent,66.67,34.48,31.52,43.48,30.65,33.33,46.94,50.0,50.0,75.0,50.0,33.33,66.67,0.0
Garrett Temple,52.94,33.33,37.5,0.0,11.11,20.0,25.0,,0.0,0.0,0.0,0.0,50.0,
Garrison Mathews,54.55,50.0,25.81,25.0,37.25,58.33,56.1,33.33,40.0,0.0,,0.0,50.0,50.0
Gary Harris,64.29,23.08,41.94,30.77,25.0,37.5,31.25,50.0,,0.0,100.0,50.0,100.0,
Gary Payton II,79.87,45.24,43.75,33.33,13.04,38.71,39.02,33.33,35.29,,,0.0,,
Gary Trent Jr.,55.93,48.48,40.13,37.5,42.19,47.06,48.94,53.33,14.29,36.67,46.43,31.82,50.0,42.86
Georges Niang,66.67,49.3,44.64,32.14,38.64,45.56,35.21,48.0,50.0,0.0,0.0,100.0,50.0,50.0
Giannis Antetokounmpo,75.73,42.33,25.0,18.18,42.86,0.0,0.0,37.5,46.15,44.04,44.44,35.56,52.63,50.0
Goga Bitadze,72.34,40.0,0.0,12.5,20.0,0.0,0.0,36.36,87.5,50.0,0.0,0.0,,50.0
Gradey Dick,53.21,42.55,30.77,38.96,36.59,28.57,39.13,40.62,33.33,34.78,54.55,41.67,50.0,50.0
Grant Williams,70.83,25.0,44.44,30.43,41.18,37.5,25.0,66.67,50.0,0.0,50.0,0.0,,0.0
Grayson Allen,67.14,34.09,40.57,25.0,46.39,50.85,47.37,37.5,16.67,,66.67,100.0,,
Guerschon Yabusele,71.5,45.45,39.29,34.92,43.75,35.48,35.9,30.77,0.0,33.33,100.0,0.0,,0.0
Gui Santos,76.36,31.58,27.78,27.78,34.29,33.33,42.31,66.67,20.0,100.0,,,,
Harrison Barnes,66.5,45.16,35.71,38.89,40.98,45.1,49.51,48.48,58.82,0.0,,0.0,0.0,
Harrison Ingram,100.0,,0.0,,,,,100.0,,,,,0.0,
Haywood Highsmith,67.35,43.59,33.33,25.0,35.09,45.31,43.86,53.33,54.55,,0.0,50.0,,
Herbert Jones,61.4,30.77,0.0,0.0,50.0,42.86,31.25,0.0,50.0,0.0,100.0,100.0,0.0,100.0
Hunter Tyson,66.67,36.36,40.0,36.36,22.73,33.33,21.43,0.0,33.33,40.0,0.0,100.0,,
Immanuel Quickley,57.63,42.53,18.0,45.57,43.48,20.0,53.33,46.15,16.67,100.0,57.14,33.33,40.0,37.5
Isaac Jones,76.09,66.67,0.0,,0.0,50.0,50.0,50.0,33.33,,,,,
Isaac Okoro,64.42,53.85,44.44,44.44,22.22,45.83,32.73,28.57,33.33,,,,,0.0
Isaiah Collier,65.88,41.53,18.87,28.21,17.86,31.43,44.44,52.0,23.08,30.77,15.38,50.0,0.0,
Isaiah Crawford,50.0,75.0,0.0,0.0,0.0,100.0,,,,,,,,
Isaiah Hartenstein,73.31,51.97,0.0,0.0,0.0,0.0,0.0,58.62,39.47,57.14,40.0,66.67,,
Isaiah Jackson,61.9,100.0,,,,,,,0.0,,,,,
Isaiah Joe,80.39,28.0,38.33,34.74,38.4,59.32,50.0,75.0,25.0,72.73,30.77,20.0,50.0,33.33
Isaiah Mobley,100.0,0.0,0.0,100.0,,0.0,,0.0,,,,,,
Isaiah Stevens,,,,0.0,,,,0.0,,,,,,
Isaiah Stewart,68.36,40.62,20.0,31.25,42.86,16.67,66.67,50.0,69.23,0.0,,50.0,,
Isaiah Wong,42.86,33.33,25.0,37.5,62.5,0.0,50.0,30.77,,16.67,,80.0,50.0,100.0
Ivica Zubac,72.03,55.22,,,,,,57.75,48.1,41.67,33.33,0.0,,
JD Davison,44.44,42.86,0.0,33.33,20.0,,33.33,100.0,0.0,0.0,,0.0,,0.0
JT Thor,70.59,20.0,40.0,100.0,50.0,14.29,0.0,33.33,33.33,50.0,50.0,,100.0,0.0
Ja Morant,62.41,42.26,21.43,28.68,45.28,37.14,28.57,55.0,42.25,38.1,50.0,33.33,80.0,100.0
Ja'Kobe Walter,47.22,47.06,30.0,46.88,36.36,28.21,42.11,50.0,42.86,30.0,16.67,40.0,0.0,100.0
Jabari Smith Jr.,66.39,49.25,35.16,33.33,38.36,45.45,33.96,44.44,48.57,27.27,29.41,28.57,60.0,50.0
Jabari Walker,66.37,42.86,25.0,0.0,50.0,53.85,45.45,33.33,16.67,0.0,0.0,100.0,,0.0
Jack McVeigh,0.0,0.0,33.33,0.0,0.0,33.33,66.67,,,,,100.0,,0.0
Jackson Rowe,75.0,50.0,100.0,,0.0,50.0,,,100.0,,,,,
Jacob Toppin,22.22,100.0,50.0,,0.0,66.67,66.67,,,0.0,,,,
Jaden Hardy,57.14,51.67,46.03,45.95,25.0,38.89,40.0,28.57,60.0,36.36,50.0,30.77,0.0,16.67
Jaden Ivey,61.29,39.39,45.71,40.0,44.74,18.75,52.94,46.43,23.08,40.0,20.0,42.86,,0.0
Jaden McDaniels,72.83,46.07,37.5,35.29,32.76,30.56,36.71,39.02,40.0,71.43,26.32,47.37,33.33,66.67
Jaden Springer,77.78,30.77,41.67,33.33,22.22,13.33,25.0,40.0,50.0,50.0,,,,
Jae Crowder,100.0,0.0,50.0,,20.0,25.0,25.0,,100.0,,,,,50.0
Jae'Sean Tate,66.67,42.86,0.0,20.0,100.0,46.67,43.75,0.0,30.0,,,,,
Jahmir Young,100.0,,,50.0,,,,,,,,,,
Jaime Jaquez Jr.,60.75,38.46,33.33,37.5,40.0,35.14,17.24,43.48,46.15,,0.0,0.0,33.33,33.33
Jake LaRavia,65.71,39.66,55.81,39.29,34.48,38.1,35.29,18.18,33.33,100.0,0.0,25.0,0.0,
Jakob Poeltl,73.77,53.67,,0.0,,,100.0,46.0,47.37,40.0,20.0,66.67,50.0,40.0
Jalen Bridges,,,0.0,0.0,,50.0,100.0,,,,,,,
Jalen Brunson,63.2,53.67,34.78,35.0,37.84,31.25,57.14,53.73,49.47,39.73,46.55,42.42,0.0,54.55
Jalen Duren,73.39,48.91,,,,,,68.18,60.0,,,100.0,,
Jalen Green,64.62,36.99,35.5,36.32,33.33,25.0,43.48,37.29,24.39,33.85,42.22,35.29,11.76,44.44
Jalen Hood-Schifino,38.46,50.0,18.18,22.22,45.45,66.67,33.33,66.67,100.0,33.33,50.0,42.86,0.0,
Jalen Johnson,72.48,41.35,44.12,19.35,30.0,29.41,33.33,34.62,28.12,100.0,14.29,33.33,20.0,0.0
Jalen Pickett,70.0,45.83,37.5,26.92,48.15,38.89,42.86,0.0,57.14,10.0,33.33,44.44,60.0,0.0
Jalen Smith,67.41,57.14,38.64,28.85,30.3,31.82,42.86,75.0,25.0,100.0,0.0,20.0,0.0,
Jalen Suggs,73.49,36.92,21.43,32.88,35.59,42.86,50.0,45.83,15.38,47.37,30.0,60.0,33.33,50.0
Jalen Williams,65.9,42.97,33.83,35.71,34.23,42.86,26.67,51.85,44.76,57.69,44.64,43.08,40.0,55.56
Jalen Wilson,60.9,33.33,35.43,30.77,32.1,31.91,34.38,31.03,22.22,25.0,100.0,33.33,,0.0
Jamal Cain,67.57,41.38,37.5,30.0,33.33,33.33,29.41,50.0,60.0,,,0.0,,50.0
Jamal Murray,63.67,45.3,41.85,38.24,35.21,34.38,31.25,48.39,47.37,44.12,49.02,45.0,45.45,28.57
Jamal Shead,59.62,47.19,38.18,32.73,25.68,45.0,33.33,31.58,42.86,36.36,25.0,14.29,,50.0
Jamaree Bouyea,75.0,100.0,25.0,0.0,,,,0.0,,,100.0,,,
James Harden,60.29,41.1,32.56,35.16,36.46,40.0,38.1,39.39,42.86,45.16,60.0,37.04,25.0,0.0
James Johnson,80.0,,0.0,,0.0,,,,,33.33,100.0,0.0,,
James Wiseman,,100.0,,0.0,,,,100.0,,0.0,,,,
Jamison Battle,53.66,57.14,46.55,36.96,36.17,43.75,36.36,50.0,33.33,66.67,100.0,25.0,50.0,0.0
Jarace Walker,56.79,49.12,39.22,37.21,43.64,43.48,41.67,25.0,64.29,45.45,66.67,22.22,100.0,0.0
Jared Butler,66.04,40.23,42.22,31.37,22.86,45.45,43.75,34.09,47.06,54.55,42.86,50.0,,
Jared McCain,58.57,51.28,54.55,25.0,41.18,29.41,38.46,40.0,0.0,45.45,66.67,33.33,,
Jared Rhoden,68.29,25.0,25.0,16.67,0.0,50.0,37.5,100.0,,,0.0,0.0,,
Jaren Jackson Jr.,63.86,50.22,43.06,35.61,37.72,38.64,40.43,51.75,48.96,60.0,33.33,41.67,20.0,0.0
Jarred Vanderbilt,60.76,18.18,0.0,,0.0,22.22,37.5,100.0,0.0,,,,,
Jarrett Allen,77.54,59.26,,0.0,0.0,,0.0,60.71,56.67,0.0,,,66.67,0.0
Javonte Green,64.0,34.62,34.62,12.5,36.84,25.0,35.56,20.0,28.57,0.0,0.0,,0.0,
Jaxson Hayes,81.25,50.0,,0.0,,0.0,,16.67,0.0,0.0,,,,
Jay Huff,81.01,64.71,44.19,42.35,31.82,30.77,44.0,60.0,,0.0,,0.0,0.0,0.0
Jaylen Brown,68.05,44.72,23.81,32.65,34.82,40.48,44.19,41.79,39.34,46.03,45.76,31.71,44.44,25.0
Jaylen Clark,54.76,40.0,10.0,,88.89,52.94,25.0,50.0,75.0,0.0,0.0,,,
Jaylen Martin,75.0,36.36,62.5,0.0,20.0,0.0,50.0,11.11,20.0,0.0,,0.0,,
Jaylen Nowell,54.55,33.33,12.5,33.33,28.57,100.0,0.0,75.0,33.33,0.0,0.0,0.0,,
Jaylen Sims,80.0,25.0,40.0,0.0,100.0,0.0,50.0,0.0,50.0,,0.0,,,
Jaylen Wells,69.03,46.58,36.73,33.33,32.65,35.35,38.89,39.13,46.43,14.29,26.67,44.44,14.29,55.56
Jaylin Williams,62.79,30.77,35.0,40.32,37.14,58.33,53.85,57.14,40.0,33.33,0.0,100.0,50.0,100.0
Jaylon Tyson,52.73,45.45,25.0,40.0,40.0,14.29,64.71,50.0,16.67,0.0,100.0,0.0,,0.0
Jayson Tatum,73.35,40.62,34.43,34.91,32.53,37.14,58.33,31.03,49.23,32.73,45.95,40.98,43.75,30.77
Jazian Gortman,50.0,0.0,,0.0,40.0,0.0,100.0,0.0,100.0,,50.0,100.0,,
Jeenathan Williams,80.0,38.46,25.0,0.0,28.57,0.0,37.5,60.0,71.43,,0.0,,,
Jeff Dowtin,59.26,52.38,31.82,40.0,47.06,36.36,60.0,37.5,44.44,40.0,44.44,62.5,0.0,60.0
Jeff Green,76.47,63.64,28.57,40.0,41.67,34.78,42.86,85.71,0.0,100.0,100.0,100.0,,66.67
Jerami Grant,47.18,20.0,30.65,37.5,39.22,38.46,36.36,23.08,31.82,0.0,30.0,50.0,66.67,30.77
Jeremiah Robinson-Earl,65.22,39.39,16.67,15.38,29.41,48.78,38.78,30.0,37.5,50.0,0.0,66.67,75.0,25.0
Jeremy Sochan,68.51,33.9,53.33,15.38,26.09,40.0,21.74,16.67,0.0,28.57,,33.33,,0.0
Jericho Sims,76.27,30.0,,,,,,0.0,50.0,,,,,
Jett Howard,74.19,40.0,20.37,25.58,42.86,32.0,38.89,54.55,0.0,40.0,33.33,50.0,,100.0
Jevon Carter,53.33,55.56,23.33,40.74,30.43,31.58,66.67,50.0,16.67,66.67,,0.0,,100.0
Jimmy Butler,70.0,40.8,26.09,25.0,32.35,33.33,38.46,36.36,38.89,42.11,57.14,31.82,50.0,9.09
Jock Landale,65.15,41.18,44.44,50.0,0.0,0.0,0.0,60.0,71.43,28.57,33.33,50.0,,50.0
Joe Ingles,0.0,75.0,16.67,50.0,20.0,,0.0,,0.0,,0.0,,,
Joel Embiid,63.16,47.46,18.75,31.82,35.29,,,50.0,37.5,34.88,50.0,27.27,100.0,50.0
John Collins,68.82,51.4,35.29,38.1,40.0,33.33,50.0,54.55,35.29,36.36,33.33,52.94,0.0,42.86
John Konchar,75.86,40.0,50.0,40.0,27.27,32.14,30.0,,0.0,,,,,
Johnny Davis,64.0,33.33,25.0,50.0,22.22,20.0,14.29,50.0,25.0,100.0,,50.0,,
Johnny Furphy,53.33,57.14,42.86,16.67,20.0,28.57,40.0,,0.0,,,0.0,,0.0
Johnny Juzang,68.63,49.09,33.33,31.91,39.39,37.7,44.12,36.36,46.15,33.33,41.67,62.5,25.0,100.0
Jonas Valančiūnas,68.8,52.66,28.57,22.73,16.67,0.0,0.0,51.16,42.86,41.67,44.44,45.45,50.0,25.0
Jonathan Isaac,68.0,36.36,15.79,11.11,27.27,22.22,36.07,33.33,20.0,33.33,0.0,25.0,22.22,25.0
Jonathan Kuminga,70.65,37.97,33.33,17.86,41.03,35.29,29.17,34.15,38.3,26.67,33.33,36.36,50.0,42.86
Jonathan Mogbo,59.68,31.58,14.29,0.0,45.45,20.0,38.89,25.0,15.38,0.0,37.5,0.0,16.67,100.0
Jordan Clarkson,60.38,39.64,33.78,40.58,32.76,50.0,42.86,46.51,27.27,57.14,55.56,50.0,0.0,0.0
Jordan Goodwin,48.0,55.88,53.85,30.77,12.5,23.53,52.94,,20.0,40.0,40.0,0.0,,
Jordan Hawkins,57.41,35.29,30.34,30.67,33.33,33.33,50.0,41.67,30.77,52.38,15.79,39.39,66.67,33.33
Jordan McLaughlin,60.0,16.67,66.67,44.44,38.46,0.0,60.0,50.0,33.33,0.0,100.0,50.0,,
Jordan Miller,56.67,45.16,27.27,16.67,22.22,11.11,25.0,,42.86,50.0,,0.0,100.0,
Jordan Poole,68.35,40.79,39.25,37.5,39.44,52.17,20.59,25.49,35.48,25.0,30.0,38.1,,33.33
Jordan Walsh,66.67,20.0,28.57,33.33,28.57,20.0,30.0,0.0,66.67,,,,,
Jose Alvarado,54.43,39.51,36.71,41.38,30.93,48.0,27.03,34.78,14.29,50.0,0.0,33.33,,50.0
Josh Christopher,53.85,20.0,0.0,25.0,25.0,0.0,0.0,0.0,,100.0,,,,
Josh Giddey,58.53,49.36,41.18,35.09,33.93,40.43,36.36,50.0,39.53,0.0,25.0,50.0,0.0,33.33
Josh Green,59.77,31.58,37.5,40.0,35.29,41.33,39.47,46.15,57.14,50.0,20.0,36.36,0.0,33.33
Josh Hart,70.0,44.23,36.96,33.33,36.0,34.09,31.43,35.71,50.0,38.46,52.94,25.0,0.0,0.0
Josh Minott,65.0,100.0,28.57,100.0,18.18,30.0,50.0,40.0,,,,,,
Josh Okogie,65.28,31.25,46.15,25.0,22.73,33.33,45.45,37.5,33.33,,,0.0,,50.0
Josh Richardson,50.0,28.57,44.44,0.0,25.0,0.0,25.0,,0.0,0.0,,0.0,,50.0
Jrue Holiday,72.6,37.5,40.48,28.57,43.42,28.79,30.95,38.89,26.32,81.82,44.44,33.33,100.0,50.0
Julian Champagnie,63.71,22.58,35.71,34.85,35.51,44.05,36.76,45.45,16.67,37.5,,100.0,100.0,0.0
Julian Phillips,61.76,43.48,27.78,15.38,10.53,40.82,40.38,75.0,50.0,,,,0.0,
Julian Strawther,66.3,43.04,32.47,32.93,34.29,48.15,44.44,53.33,46.15,33.33,0.0,0.0,,33.33
Julius Randle,70.38,42.68,35.71,40.19,34.12,22.92,35.9,32.14,41.94,62.07,48.0,31.25,80.0,50.0
Justin Champagnie,73.03,44.83,42.86,30.77,40.0,30.95,45.45,40.0,33.33,0.0,0.0,0.0,,
Justin Edwards,62.07,51.11,36.36,14.81,42.5,35.48,52.94,33.33,20.0,58.33,44.44,71.43,33.33,
Justin Minaya,50.0,100.0,0.0,,25.0,50.0,0.0,,0.0,,,,,
Jusuf Nurkić,64.34,48.39,34.29,33.33,16.67,50.0,37.5,33.33,42.86,0.0,0.0,,,
KJ Martin,70.59,51.72,16.67,0.0,0.0,40.74,17.65,100.0,66.67,,,,,100.0
KJ Simpson,60.66,29.31,26.67,20.59,26.67,33.33,22.22,40.91,25.0,12.5,33.33,0.0,,
Kai Jones,94.59,55.56,0.0,50.0,,0.0,,66.67,33.33,33.33,,50.0,100.0,
Karl-Anthony Towns,67.32,45.91,44.83,41.51,39.06,35.71,33.33,36.11,47.56,37.5,34.78,12.5,55.0,50.0
Karlo Matković,76.19,60.0,28.57,30.77,12.5,38.46,33.33,33.33,50.0,0.0,,,,
Kawhi Leonard,74.47,48.21,38.71,43.4,38.16,52.17,38.46,51.72,55.56,40.91,36.0,50.0,28.57,33.33
Keaton Wallace,50.0,58.14,55.56,30.0,17.39,40.0,40.0,50.0,0.0,22.22,20.0,40.0,,
Keegan Murray,79.47,43.36,38.89,24.29,31.58,41.98,31.48,52.0,32.26,40.0,42.86,0.0,60.0,0.0
Keion Brooks Jr.,75.0,22.73,42.86,20.0,22.22,33.33,60.0,66.67,66.67,100.0,,100.0,100.0,100.0
Kel'el Ware,71.67,43.66,22.22,43.14,23.08,26.67,18.18,58.33,69.57,0.0,0.0,25.0,33.33,100.0
Keldon Johnson,67.31,44.25,25.0,48.65,35.14,19.15,34.62,42.0,21.43,0.0,0.0,0.0,,0.0
Kelly Olynyk,63.89,51.35,28.57,45.0,42.86,100.0,42.86,30.77,16.67,42.86,57.14,0.0,50.0,0.0
Kelly Oubre Jr.,67.27,44.6,29.09,23.81,25.86,35.9,36.36,48.15,19.35,40.0,50.0,0.0,,66.67
Kenrich Williams,67.92,48.39,28.57,38.78,40.48,45.45,41.67,44.44,41.67,12.5,50.0,50.0,50.0,66.67
Kentavious Caldwell-Pope,72.73,40.0,31.4,38.6,31.82,29.58,39.29,57.14,46.15,54.05,65.0,43.48,63.64,36.36
Keon Ellis,84.75,57.89,36.96,44.0,37.88,53.73,46.15,54.55,30.0,0.0,37.5,66.67,33.33,
Keon Johnson,54.33,36.73,30.39,26.58,35.16,35.71,29.69,40.0,26.67,30.0,57.14,66.67,0.0,33.33
Keshad Johnson,88.24,33.33,66.67,0.0,100.0,0.0,,,,,,,,
Kessler Edwards,66.67,50.0,53.33,0.0,57.14,40.0,30.0,25.0,37.5,0.0,100.0,0.0,,
Kevin Durant,78.26,51.56,44.21,42.86,38.75,53.66,44.19,58.33,49.15,56.36,51.72,54.32,52.94,36.36
Kevin Huerter,75.26,46.3,31.46,22.22,40.95,37.78,43.14,45.0,60.0,11.11,50.0,40.0,100.0,
Kevin Knox,64.71,50.0,33.33,33.33,20.0,40.0,0.0,50.0,100.0,100.0,,,,0.0
Kevin Love,38.46,28.57,25.0,48.0,28.57,27.27,66.67,42.86,33.33,50.0,,0.0,0.0,
Kevin McCullar Jr.,100.0,25.0,,,0.0,,,,0.0,,,,,
Kevin Porter Jr.,63.38,43.67,33.33,31.82,27.59,44.44,43.75,42.86,53.33,36.49,50.0,45.9,0.0,62.5
Kevon Looney,64.1,32.61,,0.0,0.0,100.0,100.0,23.81,18.18,25.0,0.0,14.29,50.0,50.0
Keyonte George,62.89,44.83,28.05,40.44,27.82,50.0,47.62,34.92,36.17,20.0,36.84,40.0,25.0,50.0
Khris Middleton,62.5,55.56,36.96,37.5,37.5,26.67,42.86,56.25,48.39,58.33,48.15,70.0,61.54,16.67
Killian Hayes,62.5,33.33,0.0,50.0,40.0,33.33,,,50.0,0.0,,,,
Klay Thompson,67.14,37.74,45.86,42.5,32.52,30.36,42.16,37.93,39.29,40.0,40.0,39.53,36.84,50.0
Kobe Brown,72.22,46.67,25.0,12.5,20.0,50.0,50.0,,0.0,,0.0,,,
Kobe Bufkin,50.0,62.5,25.0,0.0,50.0,50.0,0.0,33.33,,,0.0,50.0,,
Kris Dunn,67.74,41.41,41.86,25.0,32.08,31.67,35.82,63.64,80.0,20.0,0.0,0.0,100.0,
Kris Murray,62.71,37.5,4.55,12.5,28.57,17.86,37.5,50.0,27.27,,,,,100.0
Kristaps Porziņģis,66.9,44.35,45.59,37.9,33.85,28.57,36.36,66.67,46.88,33.33,19.05,42.86,33.33,66.67
Kyle Anderson,70.51,44.21,50.0,29.41,16.67,40.91,50.0,39.29,20.0,25.0,57.14,0.0,0.0,33.33
Kyle Filipowski,68.21,52.08,47.62,36.36,17.78,41.18,34.88,61.9,62.5,25.0,0.0,100.0,,
Kyle Kuzma,69.92,39.1,26.88,35.09,30.14,44.68,19.51,41.67,34.21,23.53,35.71,25.0,14.29,42.86
Kyle Lowry,66.67,28.57,34.62,13.33,44.0,20.0,50.0,33.33,33.33,40.0,50.0,,,0.0
Kylor Kelley,75.0,33.33,,,,,,100.0,66.67,,,,,
Kyrie Irving,69.32,46.45,37.14,39.18,40.7,47.06,58.33,28.3,55.17,44.44,50.0,34.15,46.67,50.0
Kyshawn George,59.62,44.44,34.31,28.75,31.91,35.42,34.62,21.74,15.38,20.0,20.0,66.67,0.0,0.0
LaMelo Ball,54.65,48.24,33.15,39.63,29.92,30.43,34.62,40.35,33.33,38.46,23.08,45.45,100.0,33.33
Lamar Stevens,57.14,46.67,30.0,75.0,0.0,20.0,14.29,0.0,75.0,100.0,,0.0,,
Landry Shamet,67.57,66.67,21.05,36.0,55.17,36.0,50.0,33.33,42.86,50.0,50.0,0.0,50.0,33.33
Larry Nance Jr.,68.09,47.06,45.45,50.0,42.11,45.45,47.06,50.0,0.0,50.0,,0.0,100.0,100.0
Lauri Markkanen,65.41,42.47,29.92,39.5,29.11,41.03,41.18,47.62,52.38,11.11,37.5,33.33,0.0,50.0
LeBron James,75.7,41.58,34.33,40.72,34.78,37.04,43.75,40.82,52.63,50.82,42.86,32.61,50.0,16.67
Leonard Miller,66.67,50.0,0.0,,0.0,,,0.0,,,,,,
Lester Quiñones,75.0,37.5,35.29,27.27,28.57,25.0,33.33,0.0,0.0,,0.0,,,0.0
Liam Robbins,33.33,50.0,0.0,0.0,,,,,,,,,,
Lindy Waters III,57.14,33.33,28.57,56.67,28.57,37.93,27.59,36.36,40.0,50.0,50.0,0.0,66.67,33.33
Lonnie Walker IV,61.54,43.75,21.74,41.46,41.46,11.11,50.0,25.0,50.0,18.18,40.0,80.0,100.0,100.0
Lonzo Ball,57.89,35.71,33.33,33.33,34.88,52.17,22.22,100.0,,28.57,66.67,0.0,,0.0
Luguentz Dort,59.41,37.78,40.8,32.93,39.6,36.36,43.66,30.0,16.67,77.78,33.33,44.44,100.0,33.33
Luka Dončić,71.17,47.49,38.46,40.45,31.16,42.11,42.86,59.09,46.15,42.86,22.5,29.73,69.23,40.0
Luka Garza,69.23,57.89,33.33,30.0,28.57,0.0,0.0,57.14,33.33,,0.0,0.0,,
Luke Kennard,70.83,51.67,40.85,40.54,39.66,61.29,40.54,33.33,70.0,47.06,62.5,45.0,0.0,50.0
Luke Kornet,74.49,36.59,,0.0,,,0.0,57.14,25.0,100.0,,,,
Luke Travers,45.45,,0.0,0.0,0.0,0.0,0.0,,,,,,,
Mac McClung,,0.0,,0.0,,,,,,,,,,
Malachi Flynn,100.0,20.0,0.0,100.0,,,,50.0,,,,,,
Malaki Branham,76.19,38.1,41.67,40.0,35.71,36.36,66.67,33.33,22.22,37.5,22.22,60.0,0.0,0.0
Malcolm Brogdon,64.29,45.71,25.0,18.18,43.75,25.0,100.0,31.25,20.0,15.38,30.0,50.0,0.0,
Malevy Leons,,0.0,,,,,0.0,,,,,,,
Malik Beasley,63.83,46.88,34.62,41.98,37.26,52.08,50.56,41.18,17.86,52.0,30.0,31.25,33.33,20.0
Malik Monk,61.45,51.79,25.2,30.88,37.61,39.39,55.0,40.0,48.89,31.58,52.38,66.67,50.0,80.0
MarJon Beauchamp,78.57,20.0,28.57,60.0,33.33,42.86,0.0,0.0,33.33,50.0,0.0,,,100.0
Marcus Bagley,70.0,25.0,0.0,25.0,0.0,20.0,37.5,0.0,0.0,,,0.0,,
Marcus Garrett,60.0,33.33,0.0,50.0,50.0,0.0,50.0,,,,,100.0,,0.0
Marcus Sasser,71.11,58.7,32.43,45.9,30.0,23.08,60.0,41.18,20.0,57.14,33.33,25.0,0.0,75.0
Marcus Smart,64.0,41.67,44.12,33.33,32.26,33.33,31.25,33.33,25.0,60.0,50.0,100.0,0.0,
Mark Williams,71.93,38.46,0.0,0.0,0.0,0.0,,43.48,25.0,33.33,100.0,,,
Markelle Fultz,80.0,39.13,0.0,,100.0,50.0,50.0,44.44,0.0,62.5,50.0,0.0,,0.0
Markieff Morris,12.5,60.0,30.0,37.5,33.33,14.29,0.0,100.0,0.0,0.0,16.67,100.0,33.33,100.0
Marvin Bagley III,72.22,35.71,0.0,16.67,16.67,20.0,0.0,0.0,44.44,50.0,,,,0.0
Mason Jones,100.0,83.33,33.33,0.0,0.0,,0.0,0.0,,,,,,
Mason Plumlee,78.03,39.58,,0.0,,0.0,,0.0,16.67,0.0,0.0,,,
Matas Buzelis,60.61,40.0,37.5,43.75,26.67,43.75,25.93,44.44,41.67,50.0,100.0,0.0,25.0,0.0
Matisse Thybulle,66.67,45.45,66.67,60.0,27.27,35.71,50.0,25.0,42.86,,,,,
Matt Ryan,75.0,0.0,66.67,16.67,50.0,20.0,33.33,50.0,,0.0,0.0,,0.0,
Max Christie,76.92,30.77,35.96,34.88,36.51,43.75,32.73,32.0,44.44,42.11,35.71,42.86,37.5,0.0
Max Strus,69.23,40.0,38.27,40.32,38.0,37.7,37.5,40.0,50.0,0.0,,,,
Maxi Kleber,60.0,15.38,22.22,25.0,27.27,20.0,23.08,,100.0,66.67,100.0,,0.0,75.0
Maxwell Lewis,65.52,35.29,43.75,42.86,28.57,30.77,42.86,0.0,0.0,0.0,0.0,50.0,0.0,
Micah Potter,79.17,54.55,13.33,35.29,50.0,40.74,25.81,0.0,,,100.0,,,
Michael Porter Jr.,73.53,49.5,43.88,34.09,40.14,42.5,42.5,40.0,58.33,37.29,34.29,37.04,62.5,62.5
Mikal Bridges,76.28,52.66,31.03,22.22,33.94,38.68,44.53,48.8,53.85,43.18,53.57,40.68,54.55,45.0
Mike Conley,52.38,30.77,35.44,36.84,37.23,48.84,47.54,42.86,35.0,0.0,14.29,0.0,0.0,0.0
Miles Bridges,65.83,38.1,32.98,30.58,26.79,32.69,42.86,41.54,25.0,15.38,44.44,33.33,50.0,33.33
Miles McBride,51.06,34.69,39.5,22.22,41.67,40.68,36.17,60.0,39.13,52.17,28.57,44.44,57.14,57.14
Miles Norris,0.0,0.0,66.67,0.0,0.0,,,,,,,,,
Mitchell Robinson,61.9,0.0,,,,,,100.0,0.0,,,,,
Mo Bamba,77.14,37.5,40.0,20.0,40.0,50.0,0.0,50.0,,100.0,0.0,,,
Monte Morris,63.16,44.0,38.89,42.86,30.0,21.05,50.0,28.57,57.14,16.67,66.67,33.33,50.0,66.67
Moritz Wagner,70.21,42.86,18.75,43.48,41.67,41.67,33.33,60.0,33.33,0.0,,,,
Moses Brown,83.33,44.44,,,,,,100.0,0.0,,,,,
Moses Moody,70.16,37.8,35.0,34.88,34.45,43.48,38.57,37.5,27.27,0.0,33.33,0.0,0.0,25.0
Mouhamed Gueye,65.15,47.37,25.0,37.5,25.0,30.43,21.43,50.0,0.0,0.0,,,,66.67
Moussa Diabaté,66.67,42.62,0.0,0.0,,0.0,0.0,87.5,40.0,,,,,0.0
Myles Turner,68.84,43.75,46.38,38.55,26.92,60.0,46.94,42.86,36.36,56.0,60.0,58.82,0.0,60.0
N'Faly Dante,77.78,100.0,,,,,,100.0,,,,0.0,,
Nae'Qwan Tomlin,52.94,40.0,40.0,0.0,0.0,,0.0,,,,,,,
Naji Marshall,70.94,54.87,26.32,40.0,20.69,38.6,21.28,57.14,40.0,80.0,60.0,100.0,75.0,
Naz Reid,65.38,49.09,40.37,38.24,37.5,38.57,35.59,44.07,40.74,0.0,25.0,50.0,0.0,
Neemias Queta,71.62,51.35,0.0,,,,0.0,20.0,66.67,,,,100.0,
Nic Claxton,72.76,38.46,0.0,28.57,20.0,25.0,25.0,38.1,35.48,28.57,50.0,33.33,0.0,33.33
Nick Richards,72.41,40.62,,,,,0.0,28.57,36.36,60.0,0.0,0.0,0.0,
Nick Smith Jr.,56.82,43.36,37.66,36.9,25.33,36.59,36.36,36.36,57.14,47.62,33.33,54.55,50.0,0.0
Nickeil Alexander-Walker,64.71,34.85,38.1,28.77,31.58,52.46,42.39,33.33,45.16,33.33,38.46,37.5,60.0,0.0
Nicolas Batum,63.16,20.0,38.89,43.33,43.64,43.64,43.33,0.0,0.0,50.0,100.0,50.0,0.0,0.0
Nikola Jokić,71.65,56.48,40.32,45.5,41.67,83.33,33.33,55.37,48.78,45.0,40.0,56.67,50.0,42.86
Nikola Jović,72.22,40.48,24.07,33.33,33.93,52.5,39.22,33.33,50.0,0.0,50.0,100.0,0.0,50.0
Nikola Vučević,66.15,58.82,29.23,41.36,52.5,43.75,36.36,50.0,48.08,30.0,36.36,50.0,53.85,60.0
Noah Clowney,55.93,18.75,32.0,32.88,30.65,34.29,36.36,16.67,28.57,100.0,0.0,,,0.0
Norman Powell,66.14,47.43,43.12,40.16,42.86,36.36,41.18,40.0,33.33,55.56,41.67,40.0,33.33,33.33
OG Anunoby,65.28,38.95,41.27,30.67,39.08,34.62,37.86,35.0,28.0,25.0,5.88,40.91,38.46,50.0
Obi Toppin,77.83,53.33,27.91,36.17,30.36,42.17,48.0,58.82,61.11,0.0,25.0,100.0,33.33,0.0
Ochai Agbaji,66.21,30.77,32.56,40.0,43.9,42.65,39.47,45.45,18.75,66.67,50.0,0.0,0.0,
Olivier-Maxence Prosper,60.56,29.17,11.11,0.0,66.67,21.43,27.78,22.22,33.33,0.0,0.0,0.0,50.0,
Onyeka Okongwu,70.96,49.01,44.44,28.3,33.33,50.0,32.84,47.06,40.0,0.0,,0.0,,0.0
Orlando Robinson,58.42,35.62,25.0,31.03,50.0,0.0,33.33,52.94,25.0,33.33,50.0,,,0.0
Oscar Tshiebwe,76.67,50.0,,,,,,37.5,,,,,,
Oshae Brissett,64.29,75.0,20.0,50.0,40.0,0.0,40.0,50.0,0.0,,,,,
Oso Ighodaro,82.05,47.62,,0.0,,,,50.0,50.0,33.33,0.0,0.0,100.0,
Ousmane Dieng,65.52,35.71,25.0,47.06,22.22,0.0,43.75,100.0,100.0,,100.0,50.0,0.0,33.33
P.J. Tucker,,,0.0,,,66.67,50.0,,0.0,,,,,
P.J. Washington,66.67,36.69,42.03,32.5,36.96,37.93,34.38,40.0,37.5,37.5,40.0,20.0,0.0,0.0
PJ Dozier,,,,50.0,,100.0,,,,,,,,
PJ Hall,72.73,100.0,0.0,33.33,25.0,,,66.67,,,,,,
Pacome Dadiet,60.0,,66.67,20.0,,0.0,20.0,0.0,0.0,,33.33,,,100.0
Paolo Banchero,67.32,39.49,37.23,27.59,35.9,22.22,29.41,33.33,40.38,41.54,25.64,40.62,87.5,44.44
Pascal Siakam,73.71,50.21,30.56,43.86,38.46,44.44,36.07,56.25,41.49,43.75,42.19,39.13,36.84,16.67
Pat Connaughton,63.24,50.0,38.89,31.82,38.1,0.0,28.57,41.67,50.0,,0.0,100.0,,
Pat Spencer,51.35,57.58,0.0,37.5,33.33,20.0,,50.0,33.33,0.0,0.0,50.0,100.0,
Patrick Baldwin Jr.,60.0,0.0,57.14,50.0,50.0,100.0,66.67,,0.0,,,,,
Patrick Williams,50.0,49.06,36.76,30.91,34.52,42.86,33.33,16.67,33.33,21.43,25.0,45.45,100.0,66.67
Patty Mills,50.0,25.0,12.5,48.0,30.43,50.0,50.0,,66.67,50.0,33.33,50.0,,
Paul George,74.03,38.18,30.36,42.86,37.14,33.33,25.0,29.41,38.89,46.15,41.94,39.47,58.82,30.0
Paul Reed,69.44,28.57,33.33,22.22,100.0,,20.0,50.0,20.0,50.0,66.67,50.0,0.0,50.0
Payton Pritchard,74.83,50.0,42.41,37.23,40.91,41.46,48.57,50.0,68.75,50.0,30.0,41.18,50.0,75.0
Pelle Larsson,59.76,45.45,45.16,20.0,17.86,37.5,44.44,37.5,0.0,0.0,,0.0,,
Pete Nance,80.0,,100.0,28.57,14.29,0.0,100.0,,,,50.0,,,
Peyton Watson,63.41,37.68,25.0,40.0,16.0,49.02,39.39,47.37,35.29,9.09,0.0,0.0,0.0,0.0
Phillip Wheeler,27.27,,0.0,,0.0,,0.0,,,,,,,
Precious Achiuwa,62.37,36.11,50.0,0.0,20.0,31.82,16.67,30.0,35.0,40.0,,0.0,,
Quentin Grimes,68.02,43.4,38.73,33.01,32.35,50.0,45.71,47.37,33.33,28.57,36.67,34.78,55.56,40.0
Quenton Jackson,58.73,50.0,37.5,50.0,28.57,33.33,25.0,,25.0,33.33,0.0,0.0,,0.0
Quincy Olivari,,,50.0,0.0,,,0.0,,,,,,,
Quinten Post,45.1,61.76,33.33,42.37,38.64,40.0,48.28,37.5,33.33,33.33,,0.0,50.0,50.0
RJ Barrett,61.01,38.36,28.77,32.81,37.5,37.5,43.59,37.78,43.48,12.5,37.5,100.0,100.0,
RayJ Dennis,100.0,0.0,16.67,75.0,33.33,0.0,0.0,100.0,,100.0,100.0,,,
Rayan Rupert,56.82,40.91,14.29,12.5,28.57,33.33,50.0,58.33,50.0,,,0.0,0.0,
Reece Beekman,55.26,31.58,14.29,0.0,16.67,22.22,28.57,0.0,,0.0,25.0,0.0,,
Reed Sheppard,60.87,30.77,38.3,33.33,32.43,33.33,16.67,26.67,16.67,50.0,0.0,30.0,0.0,0.0
Reggie Jackson,55.56,54.55,36.0,33.33,33.33,28.57,57.14,60.0,33.33,40.0,0.0,33.33,0.0,
Richaun Holmes,74.74,50.0,,0.0,,0.0,0.0,20.0,60.0,,,,,0.0
Ricky Council IV,59.52,40.24,23.73,24.39,20.0,50.0,36.84,25.0,38.46,27.27,33.33,0.0,0.0,
Riley Minix,,,,,0.0,,,,,,,,,
Rob Dillingham,62.5,51.85,37.5,13.04,50.0,57.14,50.0,47.06,40.0,9.09,33.33,0.0,50.0,0.0
Robert Williams,76.27,16.67,0.0,,,0.0,100.0,33.33,25.0,,100.0,0.0,0.0,
Ron Harper Jr.,0.0,,,0.0,0.0,0.0,0.0,100.0,,,,,,
Ron Holland,65.38,56.6,28.57,17.65,34.48,20.0,19.15,51.61,56.25,50.0,20.0,100.0,0.0,0.0
Royce O'Neale,64.06,32.43,40.0,33.96,36.62,48.39,55.1,66.67,21.43,0.0,0.0,100.0,,
Rudy Gobert,74.21,26.09,,,,,,33.33,14.29,0.0,0.0,,0.0,
Rui Hachimura,71.21,35.62,45.1,36.36,39.29,39.06,50.85,50.0,37.5,60.0,35.71,33.33,50.0,0.0
Russell Westbrook,64.06,36.73,24.74,24.07,33.9,36.36,44.29,28.0,39.13,21.05,36.84,29.41,0.0,33.33
Ryan Dunn,70.97,51.85,35.71,27.78,25.4,35.29,32.5,25.0,33.33,33.33,100.0,33.33,,0.0
Ryan Rollins,68.12,42.11,35.48,17.65,50.0,53.33,40.0,44.44,41.67,60.0,14.29,25.0,60.0,66.67
Sam Hauser,72.73,70.0,41.88,36.84,39.62,42.37,47.54,60.0,42.86,100.0,60.0,25.0,60.0,100.0
Sam Merrill,71.79,50.0,37.76,29.87,41.38,43.33,32.35,25.0,100.0,40.0,,,100.0,0.0
Sandro Mamukelashvili,76.25,54.17,45.0,39.13,35.9,28.57,28.57,14.29,83.33,,,50.0,0.0,
Santi Aldama,73.46,53.77,44.55,25.76,35.29,42.11,36.36,42.22,52.94,50.0,33.33,0.0,,33.33
Scoot Henderson,55.9,37.97,25.37,30.59,41.38,40.91,36.36,30.0,28.0,31.25,64.71,37.5,14.29,40.0
Scottie Barnes,65.44,44.59,27.78,26.5,24.44,34.38,33.33,52.17,37.14,40.0,38.3,34.62,47.37,50.0
Scotty Pippen Jr.,62.12,44.14,30.38,40.85,41.67,28.57,73.08,41.18,40.91,25.0,0.0,42.86,,
Seth Curry,74.19,38.71,33.33,55.56,44.44,55.17,51.72,30.0,25.0,52.94,65.0,42.31,71.43,28.57
Shaedon Sharpe,71.38,38.98,30.38,30.0,31.71,38.64,31.58,30.0,36.67,46.38,48.21,48.48,37.5,33.33
Shai Gilgeous-Alexander,68.74,52.96,37.29,40.1,28.0,30.77,33.33,48.6,47.26,52.69,46.94,45.12,47.5,54.29
Shake Milton,61.54,45.0,44.44,30.0,36.36,27.78,38.89,50.0,35.71,71.43,33.33,50.0,100.0,
Sidy Cissoko,75.0,75.0,20.0,0.0,0.0,50.0,33.33,50.0,0.0,,,,0.0,
Simone Fontecchio,57.69,50.0,38.0,30.3,40.35,30.77,26.09,42.86,0.0,50.0,60.0,0.0,50.0,50.0
Skal Labissière,,50.0,,100.0,,,,,,,0.0,,,
Spencer Dinwiddie,58.12,46.6,32.77,32.14,29.27,48.28,35.29,41.51,40.54,35.71,60.0,45.45,50.0,33.33
Spencer Jones,57.14,66.67,0.0,,25.0,0.0,0.0,50.0,0.0,100.0,,,,
Stanley Umude,66.67,0.0,50.0,0.0,,25.0,20.0,,,0.0,,0.0,,
Stephen Curry,67.07,39.47,40.18,35.02,40.58,45.0,54.55,44.78,55.71,46.67,55.17,63.64,40.0,30.0
Stephon Castle,62.43,35.86,26.73,27.55,30.0,31.25,35.29,37.74,45.83,27.59,14.29,35.29,40.0,25.0
Steven Adams,61.6,46.67,,,,,,33.33,33.33,,,,,
Svi Mykhailiuk,57.14,55.56,46.15,17.31,39.39,31.25,42.11,33.33,33.33,25.0,33.33,66.67,100.0,0.0
T.J. McConnell,62.73,51.4,33.33,35.0,0.0,45.45,42.86,43.81,42.86,50.0,54.55,75.0,0.0,21.43
Taj Gibson,54.39,35.29,,,,100.0,0.0,100.0,33.33,0.0,100.0,33.33,,33.33
Talen Horton-Tucker,58.59,48.15,31.82,18.75,52.38,53.33,23.08,50.0,50.0,,0.0,0.0,0.0,100.0
Tari Eason,67.32,45.78,34.21,42.11,31.75,35.71,35.85,14.29,8.33,25.0,57.14,40.0,0.0,33.33
Taurean Prince,57.73,32.5,40.7,46.15,41.67,48.89,38.46,42.86,44.44,40.0,0.0,0.0,100.0,60.0
Taylor Hendricks,50.0,0.0,0.0,,0.0,33.33,50.0,0.0,,0.0,,,,
Taze Moore,50.0,0.0,,33.33,,,,0.0,0.0,,,,,
Terance Mann,72.58,50.82,38.71,21.43,30.95,28.57,52.27,35.29,36.84,50.0,33.33,20.0,33.33,33.33
Terence Davis,,0.0,,100.0,0.0,,,,,,,0.0,,
Terrence Shannon Jr.,65.91,41.67,33.33,,25.0,50.0,33.33,14.29,22.22,50.0,0.0,,,0.0
Terry Rozier,57.35,40.48,35.9,36.11,23.53,28.57,25.45,35.14,50.0,42.86,35.29,60.0,44.44,66.67
Terry Taylor,,0.0,,,,,,,,,,,,
Thomas Bryant,67.19,62.96,30.43,27.27,27.78,35.71,44.83,37.5,50.0,100.0,50.0,50.0,100.0,100.0
Tidjane Salaün,57.89,12.5,28.3,24.07,26.92,46.15,20.0,12.5,37.5,0.0,,,100.0,25.0
Tim Hardaway Jr.,66.67,41.86,41.8,37.86,31.41,38.0,33.33,37.5,50.0,40.0,11.11,26.32,62.5,33.33
Tobias Harris,73.22,48.86,34.78,26.19,31.25,35.42,42.53,43.37,53.23,30.43,22.73,42.86,33.33,33.33
Tolu Smith,66.67,,,,,,,,,,,,,
Tony Bradley,61.29,70.0,,,,50.0,0.0,,100.0,100.0,,,,
Torrey Craig,66.67,42.86,44.44,28.57,50.0,29.41,30.77,0.0,100.0,0.0,,,,
Tosan Evbuomwan,68.42,38.89,40.0,33.33,26.92,21.43,36.84,33.33,20.0,0.0,0.0,0.0,100.0,
Toumani Camara,63.87,28.33,34.62,51.72,38.2,36.36,36.0,56.67,18.75,100.0,,0.0,,
Trae Young,52.73,45.21,32.67,33.66,34.38,42.11,40.0,45.33,52.63,44.68,57.14,36.67,36.36,30.0
Trayce Jackson-Davis,69.37,36.59,0.0,,,,0.0,38.46,42.11,,0.0,0.0,,0.0
Tre Jones,66.99,44.19,25.0,28.57,37.5,38.46,54.55,42.86,64.29,50.0,0.0,0.0,,
Tre Mann,45.1,50.0,40.0,47.37,31.25,57.14,25.0,54.55,0.0,,25.0,57.14,,50.0
Trendon Watford,60.94,42.16,23.08,40.0,35.0,15.38,45.45,47.37,50.0,33.33,0.0,0.0,,
Trentyn Flowers,50.0,50.0,,,0.0,0.0,,,,,0.0,,,
Trevelin Queen,57.78,31.25,8.7,50.0,34.78,30.0,55.56,50.0,0.0,0.0,50.0,,,
Trey Alexander,25.0,33.33,25.0,0.0,0.0,50.0,33.33,50.0,100.0,66.67,0.0,40.0,,
Trey Jemison,68.09,36.84,,,,,,25.0,33.33,0.0,,,,
Trey Lyles,62.5,40.91,28.57,33.33,37.04,47.73,23.33,50.0,25.0,,0.0,75.0,0.0,100.0
Trey Murphy III,70.5,43.14,36.43,35.19,30.21,52.63,44.83,36.0,34.48,12.5,25.0,75.0,44.44,
Tristan Da Silva,59.84,36.36,33.93,41.94,23.21,34.88,37.74,44.44,54.55,14.29,14.29,25.0,66.67,0.0
Tristan Thompson,56.41,35.71,,0.0,0.0,,0.0,50.0,50.0,,0.0,0.0,,
Tristan Vukcevic,75.86,48.78,34.62,40.82,38.46,33.33,33.33,23.53,33.33,60.0,66.67,80.0,,
Tristen Newton,100.0,0.0,0.0,,,,,0.0,,,,,,
Ty Jerome,53.4,59.32,45.24,43.75,40.0,56.52,38.89,46.15,53.33,52.63,50.0,54.55,50.0,
TyTy Washington Jr.,100.0,40.0,33.33,16.67,0.0,50.0,0.0,33.33,100.0,25.0,,33.33,,50.0
Tyler Herro,66.11,58.56,39.26,37.68,32.42,43.59,45.65,46.58,47.14,39.47,57.14,44.74,28.57,40.0
Tyler Kolek,40.0,22.22,41.67,14.29,40.0,25.0,42.86,0.0,42.86,100.0,,,100.0,
Tyler Smith,63.64,50.0,40.0,40.0,50.0,50.0,37.5,,,100.0,0.0,,,0.0
Tyrese Haliburton,73.42,57.04,37.04,43.13,34.76,52.94,39.39,59.26,37.04,60.98,33.33,50.79,25.0,35.71
Tyrese Martin,68.83,37.5,37.97,34.09,27.42,39.13,39.13,38.46,18.18,75.0,20.0,50.0,0.0,0.0
Tyrese Maxey,59.74,43.15,32.86,35.9,33.33,33.33,29.63,44.83,33.33,41.38,47.37,45.0,25.0,50.0
Tyson Etienne,33.33,100.0,16.67,20.0,33.33,60.0,33.33,100.0,,,,,,
Tyus Jones,76.79,45.31,40.43,30.65,36.96,53.09,41.27,40.91,46.88,22.22,38.46,33.33,20.0,100.0
Ulrich Chomche,50.0,50.0,,,,,,,,0.0,,,,
Vasilije Micić,52.0,18.6,31.25,43.48,32.56,0.0,33.33,0.0,50.0,30.0,0.0,44.44,0.0,25.0
Victor Wembanyama,77.61,50.0,37.76,37.24,30.26,25.0,57.14,33.33,43.75,40.91,50.0,35.48,12.5,60.0
Vince Williams Jr.,60.0,53.85,15.79,33.33,20.0,55.0,30.77,75.0,50.0,,50.0,,,
Vit Krejci,72.5,54.55,35.71,49.15,33.33,39.13,75.0,75.0,41.67,66.67,100.0,,0.0,
Vlatko Čančar,50.0,66.67,0.0,0.0,40.0,0.0,66.67,,,,,,,
Walker Kessler,75.0,53.85,0.0,12.5,0.0,57.14,0.0,47.37,57.14,0.0,,,,
Wendell Carter Jr.,71.92,37.8,28.95,18.0,22.22,27.5,22.73,50.0,41.18,40.0,50.0,20.0,75.0,0.0
Wendell Moore Jr.,60.78,56.25,16.67,50.0,22.22,50.0,33.33,66.67,0.0,25.0,,,0.0,50.0
Xavier Tillman Sr.,66.67,0.0,15.38,25.0,25.0,0.0,20.0,0.0,,,,,100.0,
Yuki Kawamura,50.0,100.0,14.29,25.0,60.0,,33.33,,,50.0,50.0,,,
Yuri Collins,,0.0,,,,,,,,,,100.0,,
Yves Missi,59.62,40.0,,,,,,36.0,41.67,,,0.0,,100.0
Zaccharie Risacher,61.65,42.39,32.63,25.81,25.32,45.33,40.54,31.25,42.5,33.33,33.33,66.67,44.44,33.33
Zach Collins,70.83,45.45,35.0,32.08,14.29,36.36,21.43,33.33,75.0,50.0,100.0,,,33.33
Zach Edey,73.76,44.86,28.57,45.45,28.57,22.22,28.57,25.93,18.18,50.0,,0.0,,0.0
Zach LaVine,69.6,47.37,50.29,40.41,38.46,52.0,41.86,73.91,32.14,49.02,33.96,39.29,38.89,44.44
Zeke Nnaji,65.67,33.33,30.0,50.0,28.57,23.08,35.29,0.0,0.0,,50.0,,50.0,
Ziaire Williams,60.69,31.03,39.22,27.59,37.08,33.33,28.77,41.18,18.18,50.0,50.0,0.0,0.0,0.0
Zion Williamson,63.28,49.67,25.0,0.0,66.67,0.0,,50.0,44.12,33.33,0.0,0.0,,
Zyon Pullin,,,,,,,,,0.0,,,,,
